DMS_OPN_DESC,target
complet mma servic,91MMA000
complet mmb servic,91MMB000
complet mma servic,91MMA000
mma oil filter chang,91MMA000
mmb servic 0w plu tax suppli 0w engin,91MMB000
environment dispos fee,91MMA000
mma servic 0w plu tax suppli,91MMA000
environment dispos fee,91MMA000
mma oil filter chang,91MMA000
mma mma replac engin oil genuin acura synthet oil 0w,91MMA000
mmb mainten mmb replac engin oil filter servic front,91MMB000
mma mainten mma replac engin oil filter inspect condit,91MMA000
mma replac engin oil 0w filter check light,91MMA000
default,91MMA000
mma replac engin oil 0w filter check light,91MMA000
oil chang tire rotat brake inspect,91MMA000
environment wast oil,91MMA000
mainten minder mmb servic oil filter chang top fluid adjust,91MMB000
mainten minder mma servic oil filter chang top fluid adjust,91MMA000
mainten minder mma servic oil filter chang top fluid adjust,91MMA000
mmb mainten mmb 5w 5w engin oil filter chang tire r,91MMB000
mma servic,91MMA000
mmb 0w oil filter chang wheel brake servic,91MMB000
complet mma servic,91MMA000
default,91MMB000
mma replac engin oil 0w filter check light,91MMA000
mmb servic 0w tax p,91MMB000
mma 0w oil filter chang inspect fluid level,91MMA000
mmb 0w oil filter chang wheel brake servic,91MMB000
mmb 0w,91MMB000
mma replac engin oil 0w filter check light,91MMA000
oil chang tire rotat brake inspect,91MMA000
mma servic 5w 5w regular 0w synthet,91MMA000
mma 0w oil filter chang inspect fluid level,91MMA000
mma 0w,91MMA000
mma 0w replac engin oil filter hst,91MMA000
mma servic replac engin oil filter top washer fluid,91MMA000
main mma 0w synthet oil filter chang lubric lock latch a,91MMA000
mma servic oil filter chang includ new drain plug gasket check al,91MMA000
mma servic 0w doubl check,91MMA000
mma servic 0w doubl check,91MMA000
mmb ow replac engin oil filter servic front rear b,91MMB000
mma servic chang synthet oil 0w honda oil filter,91MMA000
mmb servic 0w oil filter chang servic frt rear brake,91MMB000
maint minder mma,91MMA000
mmb servic,91MMB000
perform mainten servic mileag mma,91MMA000
replac engin oil oil filter,91MMA000
environment levi,91MMA000
replac engin oil oil filter,91MMA000
perform mmb,91MMB000
environment levi,91MMA000
acura synthet replac engin oil filter check fluid tire pressur,91MMA000
complet mma servic,91MMA000
environment fee,91MMA000
mmb replac engin oil servic front rear brake inspect p,91MMA000
environment fee,91MMA000
mma replac engin oil 0w filter check light,91MMA000
mmb mainten minder 0w plu tax,91MMB000
mma 0w synthet chang oil filter drain plug gask,91MMA000
